bbl,
"3003600055"
"3003550049"
"3003050121"
"3003290021"
"3003300020"
"3003320032"
"3003330022"
"3003430025"
"3003440039"
"3003450028"
"3003470151"
"3003490022"
"3003490044"
"3003500028"
"3003530046"
"3003670012"
"3003737501"
"3003770035"
"3004150025"
"3004230023"
"3004280057"
"3004290059"
"3005080038"
"3005130014"
"3005640014"
"3003317502"
"3003380001"
"3003380002"
"3003400044"
"3003100134"
"3003290065"
"3003290066"
"3003307502"
"3003340056"
"3003340057"
"3003397502"
"3003470052"
"3003600013"
"3003600054"
"3003760053"
"3003600056"
"3003660052"
"3003660053"
"3003690021"
"3004590033"
"3004610015"
"3004630030"
"3004640036"
"3004640037"
"3004640038"
"3004640039"
"3004680022"
"3004700019"
"3005000001"
"3002450029"
"3002810001"
"3002810062"
"3002820001"
"3002820050"
"3002840001"
"3002840006"
"3002840007"
"3002840013"
"3002840015"
"3002840016"
"3002840017"
"3002840025"
"3002850001"
"3002850002"
"3002850003"
"3002850004"
"3002850010"
"3002850017"
"3002850018"
"3002850019"
"3002850020"
"3002850021"
"3002850022"
"3002850023"
"3002850024"
"3002850025"
"3002850026"
"3002850027"
"3002850029"
"3002850030"
"3002850034"
"3002850035"
"3002850036"
"3002850037"
"3002850038"
"3002850039"
"3002850040"
"3002850044"
"3002850045"
"3002850046"
"3002857501"
"3002857502"
"3002860001"
"3002860002"
"3002860003"
"3002860004"
"3002860008"
"3002860011"
"3002860012"
"3002860013"
"3002860014"
"3002860015"
"3002860016"
"3002860021"
"3002860031"
"3002860033"
"3002860034"
"3002860038"
"3002860041"
"3002860043"
"3002860044"
"3002860046"
"3002860048"
"3002860052"
"3002867501"
"3002867502"
"3002867503"
"3002867504"
"3002867505"
"3002900013"
"3002910001"
"3002910010"
"3002910011"
"3002910012"
"3002910013"
"3002910014"
"3002910015"
"3002910016"
"3002910017"
"3002910018"
"3002910019"
"3002910020"
"3002910021"
"3002910022"
"3002910024"
"3002910025"
"3002910026"
"3002910027"
"3002910028"
"3002910029"
"3002910030"
"3002910031"
"3002910033"
"3002910034"
"3002910035"
"3002910036"
"3002910037"
"3002910038"
"3002910039"
"3002910040"
"3002910041"
"3002910042"
"3002910043"
"3002910044"
"3002910045"
"3002910046"
"3002920002"
"3002920004"
"3002920005"
"3002920006"
"3002920007"
"3002920008"
"3002920010"
"3002920011"
"3002920012"
"3002920013"
"3002920014"
"3002920015"
"3002920016"
"3002920023"
"3002920024"
"3002920026"
"3002920031"
"3002920032"
"3002920033"
"3002920034"
"3002920036"
"3002920037"
"3002920038"
"3002920039"
"3002920040"
"3002920041"
"3002920042"
"3002920043"
"3002920044"
"3002920045"
"3002920046"
"3002920047"
"3002920048"
"3002920049"
"3002920050"
"3002927501"
"3002950001"
"3002950002"
"3002950009"
"3002950010"
"3002950011"
"3002950012"
"3002950013"
"3002950014"
"3002950024"
"3002950025"
"3002950026"
"3002950027"
"3002950028"
"3002950029"
"3002950032"
"3002950033"
"3002950034"
"3002950035"
"3002950036"
"3002950037"
"3002950038"
"3002950039"
"3002950040"
"3002950107"
"3002950108"
"3002950109"
"3002950110"
"3002950111"
"3002950112"
"3002950113"
"3002950114"
"3002960012"
"3002957501"
"3002957502"
"3002960001"
"3002960003"
"3002960004"
"3002960005"
"3002960006"
"3002960007"
"3002960008"
"3002960009"
"3002960010"
"3002960013"
"3002960014"
"3002960015"
"3002960016"
"3002960017"
"3002960018"
"3002960019"
"3002960020"
"3002960021"
"3002960023"
"3002960024"
"3002960026"
"3002960027"
"3002960029"
"3002960030"
"3002960031"
"3002960032"
"3002960033"
"3002960034"
"3002960035"
"3002960036"
"3002960037"
"3002960038"
"3002960039"
"3002960040"
"3002960041"
"3002960042"
"3002960043"
"3002960045"
"3002960046"
"3002960047"
"3002960115"
"3002967501"
"3002970001"
"3002970002"
"3002970003"
"3002970004"
"3002970005"
"3002970006"
"3002970011"
"3002970012"
"3002970013"
"3002970014"
"3002970015"
"3002970016"
"3002970017"
"3002970018"
"3002970019"
"3002970023"
"3002970024"
"3002970025"
"3002970026"
"3002970027"
"3002970028"
"3002970029"
"3002970030"
"3002970031"
"3002970033"
"3002970034"
"3002970035"
"3002970036"
"3002970037"
"3002970038"
"3002970039"
"3002970040"
"3002970041"
"3002970042"
"3002970043"
"3002970044"
"3002970045"
"3002970046"
"3002970047"
"3002970048"
"3002970102"
"3002990004"
"3002990005"
"3002990006"
"3002990008"
"3002990011"
"3002990013"
"3002990014"
"3002990034"
"3002990035"
"3002990036"
"3002990037"
"3002990038"
"3002990039"
"3002990040"
"3002990041"
"3002990042"
"3002990043"
"3002997501"
"3002997502"
"3002997503"
"3003000002"
"3003000003"
"3003000004"
"3003000005"
"3003000006"
"3003000007"
"3003000008"
"3003000009"
"3003000010"
"3003000017"
"3003007501"
"3003010004"
"3003010006"
"3003010007"
"3003010008"
"3003010009"
"3003010011"
"3003010012"
"3003010014"
"3003010015"
"3003010016"
"3003010017"
"3003010018"
"3003010019"
"3003010020"
"3003010021"
"3003010022"
"3003010023"
"3003010024"
"3003010025"
"3003010026"
"3003010027"
"3003010028"
"3003010029"
"3003010030"
"3003010031"
"3003010032"
"3003010033"
"3003010034"
"3003010035"
"3003010036"
"3003010037"
"3003010038"
"3003010039"
"3003010040"
"3003010041"
"3003010042"
"3003010043"
"3003010044"
"3003010045"
"3003010046"
"3003010047"
"3003010048"
"3003010050"
"3003010051"
"3003010052"
"3003010053"
"3003010055"
"3003010056"
"3003010057"
"3003010058"
"3003010059"
"3003010060"
"3003010061"
"3003010091"
"3003017501"
"3003017502"
"3003020001"
"3003020002"
"3003020003"
"3003020004"
"3003020005"
"3003020006"
"3003020007"
"3003020009"
"3003020024"
"3003020027"
"3003020028"
"3003020037"
"3003020039"
"3003020040"
"3003020041"
"3003020043"
"3003020045"
"3003020046"
"3003020047"
"3003020048"
"3003020049"
"3003020050"
"3003020051"
"3003020052"
"3003020053"
"3003020054"
"3003020055"
"3003020056"
"3003020057"
"3003020058"
"3003020065"
"3003020066"
"3003020067"
"3003020068"
"3003020069"
"3003020070"
"3003040001"
"3003040003"
"3003040004"
"3003040005"
"3003040006"
"3003040007"
"3003040008"
"3003040009"
"3003040020"
"3003040021"
"3003040022"
"3003040023"
"3003040024"
"3003040025"
"3003047502"
"3003050015"
"3003050016"
"3003050018"
"3003050019"
"3003050021"
"3003050022"
"3003050023"
"3003050025"
"3003050026"
"3003050027"
"3003050028"
"3003050029"
"3003050030"
"3003050031"
"3003050032"
"3003050034"
"3003050036"
"3003050037"
"3003050038"
"3003050040"
"3003050041"
"3003050042"
"3003050043"
"3003050044"
"3003050045"
"3003050046"
"3003050047"
"3003050048"
"3003050049"
"3003050050"
"3003050051"
"3003050052"
"3003050053"
"3003050054"
"3003050056"
"3003050057"
"3003050058"
"3003050059"
"3003050060"
"3003050061"
"3003050062"
"3003050063"
"3003050064"
"3003050065"
"3003050066"
"3003050067"
"3003050068"
"3003050122"
"3003057501"
"3003060001"
"3003060002"
"3003060004"
"3003060005"
"3003060006"
"3003060007"
"3003060008"
"3003060010"
"3003060011"
"3003060012"
"3003060013"
"3003060014"
"3003060015"
"3003060016"
"3003060017"
"3003060018"
"3003060019"
"3003060020"
"3003060021"
"3003060022"
"3003060023"
"3003060024"
"3003060025"
"3003060026"
"3003060027"
"3003060028"
"3003060029"
"3003060031"
"3003060032"
"3003060033"
"3003060034"
"3003060035"
"3003060037"
"3003060038"
"3003060039"
"3003060040"
"3003060041"
"3003060042"
"3003060043"
"3003060044"
"3003060046"
"3003060047"
"3003060048"
"3003060050"
"3003067501"
"3003067502"
"3003067503"
"3003070001"
"3003070002"
"3003070003"
"3003070004"
"3003070005"
"3003070006"
"3003070008"
"3003070009"
"3003070011"
"3003070012"
"3003070013"
"3003070014"
"3003070015"
"3003070016"
"3003070017"
"3003070019"
"3003070020"
"3003070021"
"3003070022"
"3003070023"
"3003070024"
"3003070025"
"3003070026"
"3003070027"
"3003070028"
"3003070029"
"3003070030"
"3003070031"
"3003070032"
"3003070033"
"3003070034"
"3003070035"
"3003070036"
"3003070038"
"3003070039"
"3003070040"
"3003070041"
"3003070042"
"3003070043"
"3003070044"
"3003070045"
"3003070046"
"3003070047"
"3003070048"
"3003070049"
"3003070050"
"3003070051"
"3003070052"
"3003070053"
"3003070054"
"3003077501"
"3003090001"
"3003090002"
"3003090003"
"3003090006"
"3003090009"
"3003090010"
"3003090011"
"3003090012"
"3003090013"
"3003197501"
"3003090014"
"3003090015"
"3003090016"
"3003090017"
"3003090018"
"3003090019"
"3003090020"
"3003090021"
"3003090022"
"3003090035"
"3003090040"
"3003090041"
"3003090042"
"3003090043"
"3003090044"
"3003090045"
"3003090046"
"3003090047"
"3003097501"
"3003100001"
"3003100002"
"3003100012"
"3003100013"
"3003100014"
"3003100015"
"3003100016"
"3003100017"
"3003100018"
"3003100020"
"3003100021"
"3003100022"
"3003100023"
"3003100024"
"3003100025"
"3003100026"
"3003100027"
"3003100029"
"3003100031"
"3003100032"
"3003100033"
"3003100034"
"3003100035"
"3003100036"
"3003100037"
"3003100038"
"3003100039"
"3003100040"
"3003100041"
"3003100042"
"3003100043"
"3003100044"
"3003100045"
"3003107501"
"3003107502"
"3003110001"
"3003110021"
"3003110022"
"3003110023"
"3003110024"
"3003110025"
"3003110026"
"3003110027"
"3003110028"
"3003110029"
"3003110030"
"3003110031"
"3003110032"
"3003110033"
"3003110034"
"3003110035"
"3003110036"
"3003110037"
"3003110038"
"3003110129"
"3003120001"
"3003120002"
"3003120003"
"3003120004"
"3003120005"
"3003120006"
"3003120007"
"3003120008"
"3003120009"
"3003120010"
"3003120012"
"3003120013"
"3003120014"
"3003120015"
"3003120016"
"3003120017"
"3003120018"
"3003120019"
"3003120020"
"3003120021"
"3003120022"
"3003120023"
"3003120024"
"3003120028"
"3003120029"
"3003120030"
"3003120031"
"3003120032"
"3003120034"
"3003120036"
"3003120038"
"3003120040"
"3003120041"
"3003120042"
"3003120043"
"3003120044"
"3003120046"
"3003120047"
"3003120049"
"3003120050"
"3003120051"
"3003120052"
"3003120053"
"3003120054"
"3003120055"
"3003127501"
"3003140001"
"3003140027"
"3003140028"
"3003140031"
"3003140036"
"3003140038"
"3003140040"
"3003140042"
"3003160001"
"3003160026"
"3003160031"
"3003160032"
"3003160033"
"3003160034"
"3003160035"
"3003190017"
"3003180001"
"3003180028"
"3003180029"
"3003180030"
"3003180032"
"3003180033"
"3003180034"
"3003180035"
"3003180036"
"3003180037"
"3003180050"
"3003190001"
"3003190002"
"3003190003"
"3003190004"
"3003190007"
"3003190010"
"3003190011"
"3003190012"
"3003190013"
"3003190014"
"3003190015"
"3003190016"
"3003190018"
"3003190019"
"3003190020"
"3003190022"
"3003190023"
"3003190024"
"3003190025"
"3003190026"
"3003190027"
"3003190028"
"3003190029"
"3003190030"
"3003190031"
"3003190032"
"3003190033"
"3003190034"
"3003190035"
"3003190036"
"3003190037"
"3003190039"
"3003190041"
"3003210007"
"3003190042"
"3003190049"
"3003190050"
"3003190055"
"3003190062"
"3003190066"
"3003190072"
"3003190073"
"3003190074"
"3003190075"
"3003190100"
"3003197502"
"3003197503"
"3003207501"
"3003207502"
"3003207503"
"3003210001"
"3003210002"
"3003210003"
"3003210004"
"3003210005"
"3003210006"
"3003210008"
"3003210009"
"3003210010"
"3003210017"
"3003210018"
"3003210019"
"3003210020"
"3003210021"
"3003210023"
"3003210024"
"3003210025"
"3003210027"
"3003210029"
"3003210030"
"3003210031"
"3003210033"
"3003210034"
"3003210035"
"3003210036"
"3003210037"
"3003210038"
"3003210039"
"3003210040"
"3003210041"
"3003210042"
"3003210043"
"3003210044"
"3003210045"
"3003210046"
"3003210047"
"3003210048"
"3003210051"
"3003210053"
"3003210061"
"3003210062"
"3003210063"
"3003210064"
"3003210065"
"3003210066"
"3003210067"
"3003210068"
"3003210069"
"3003210070"
"3003210071"
"3003210073"
"3003210074"
"3003210149"
"3003210150"
"3003217501"
"3003217502"
"3003220001"
"3003220002"
"3003220003"
"3003220004"
"3003290006"
"3003220005"
"3003220006"
"3003220007"
"3003220009"
"3003220010"
"3003220011"
"3003220012"
"3003220013"
"3003220014"
"3003220015"
"3003220016"
"3003220017"
"3003220018"
"3003220019"
"3003220020"
"3003220021"
"3003220022"
"3003220023"
"3003220024"
"3003220025"
"3003220027"
"3003220029"
"3003220030"
"3003220032"
"3003220033"
"3003220034"
"3003220035"
"3003220036"
"3003220037"
"3003220038"
"3003220039"
"3003220040"
"3003220041"
"3003220042"
"3003220043"
"3003220044"
"3003220045"
"3003220046"
"3003220047"
"3003220048"
"3003220049"
"3003220050"
"3003220051"
"3003220052"
"3003220053"
"3003220054"
"3003220055"
"3003220056"
"3003220057"
"3003220058"
"3003220059"
"3003220060"
"3003220061"
"3003220062"
"3003220064"
"3003220065"
"3003220066"
"3003220067"
"3003230001"
"3003230003"
"3003230004"
"3003230005"
"3003230006"
"3003230008"
"3003230009"
"3003230010"
"3003230011"
"3003230012"
"3003230013"
"3003230014"
"3003230015"
"3003230016"
"3003230017"
"3003230018"
"3003230019"
"3003230020"
"3003230021"
"3003230022"
"3003230023"
"3003230024"
"3003230025"
"3003230026"
"3003230027"
"3003230028"
"3003230029"
"3003230031"
"3003230033"
"3003230036"
"3003230037"
"3003230038"
"3003230039"
"3003230040"
"3003230041"
"3003230042"
"3003230043"
"3003230044"
"3003230045"
"3003230047"
"3003230048"
"3003230049"
"3003230050"
"3003230051"
"3003230052"
"3003230053"
"3003230054"
"3003230055"
"3003230056"
"3003230057"
"3003230058"
"3003230059"
"3003237501"
"3003237502"
"3003237503"
"3003240001"
"3003240002"
"3003240003"
"3003240004"
"3003240005"
"3003240006"
"3003240007"
"3003240008"
"3003240009"
"3003240010"
"3003240011"
"3003240012"
"3003240013"
"3003240014"
"3003240015"
"3003240016"
"3003240017"
"3003240018"
"3003240019"
"3003240020"
"3003240021"
"3003240023"
"3003240025"
"3003240027"
"3003240036"
"3003240037"
"3003240038"
"3003240040"
"3003240041"
"3003240042"
"3003240043"
"3003240044"
"3003240046"
"3003240047"
"3003240048"
"3003240049"
"3003240050"
"3003240051"
"3003240052"
"3003240053"
"3003240054"
"3003240055"
"3003240056"
"3003240057"
"3003240058"
"3003240061"
"3003240062"
"3003240063"
"3003240064"
"3003240065"
"3003240066"
"3003240069"
"3003247501"
"3003250001"
"3003250002"
"3003250003"
"3003250004"
"3003250005"
"3003250006"
"3003250007"
"3003250008"
"3003250009"
"3003250010"
"3003250011"
"3003250012"
"3003250013"
"3003250014"
"3003250015"
"3003250016"
"3003250017"
"3003250018"
"3003250019"
"3003250020"
"3003250021"
"3003250022"
"3003250023"
"3003250024"
"3003250025"
"3003250026"
"3003250027"
"3003250028"
"3003250029"
"3003250030"
"3003250031"
"3003250032"
"3003250033"
"3003250034"
"3003250036"
"3003250037"
"3003250038"
"3003250039"
"3003250040"
"3003250041"
"3003250042"
"3003250043"
"3003250044"
"3003250045"
"3003250046"
"3003250047"
"3003250048"
"3003250049"
"3003250050"
"3003250051"
"3003250052"
"3003250053"
"3003250054"
"3003250055"
"3003250056"
"3003250057"
"3003250058"
"3003250059"
"3003250060"
"3003250061"
"3003250062"
"3003250063"
"3003250064"
"3003250065"
"3003250066"
"3003250067"
"3003250068"
"3003250069"
"3003250070"
"3003250071"
"3003250072"
"3003250073"
"3003250075"
"3003250149"
"3003250157"
"3003257501"
"3003260001"
"3003260002"
"3003260003"
"3003260004"
"3003260005"
"3003260006"
"3003260008"
"3003260009"
"3003260010"
"3003260011"
"3003260014"
"3003260016"
"3003260017"
"3003260019"
"3003260020"
"3003260021"
"3003260022"
"3003260023"
"3003260024"
"3003260025"
"3003260026"
"3003260028"
"3003260034"
"3003260035"
"3003260037"
"3003260042"
"3003260043"
"3003260044"
"3003260046"
"3003260047"
"3003260048"
"3003260049"
"3003260050"
"3003260051"
"3003260052"
"3003260053"
"3003260054"
"3003260055"
"3003260056"
"3003260058"
"3003260060"
"3003260061"
"3003260062"
"3003260063"
"3003260064"
"3003260066"
"3003260067"
"3003260068"
"3003267501"
"3003267502"
"3003267503"
"3003290001"
"3003290002"
"3003290004"
"3003290005"
"3003290007"
"3003290011"
"3003290015"
"3003290016"
"3003290017"
"3003290018"
"3003290023"
"3003290024"
"3003290025"
"3003290026"
"3003290158"
"3003290028"
"3003290030"
"3003290031"
"3003290032"
"3003290033"
"3003290034"
"3003290035"
"3003290036"
"3003290037"
"3003290038"
"3003300041"
"3003290039"
"3003300001"
"3003290045"
"3003290048"
"3003290054"
"3003290060"
"3003290061"
"3003290062"
"3003290063"
"3003290064"
"3003290109"
"3003290123"
"3003290154"
"3003340001"
"3003300002"
"3003300003"
"3003300004"
"3003300005"
"3003300006"
"3003300007"
"3003300008"
"3003300009"
"3003300010"
"3003300012"
"3003300013"
"3003300014"
"3003300016"
"3003300018"
"3003300019"
"3003300022"
"3003300024"
"3003300038"
"3003300039"
"3003300040"
"3003300042"
"3003300043"
"3003300047"
"3003300048"
"3003300049"
"3003300050"
"3003300051"
"3003300112"
"3003307501"
"3003307503"
"3003307504"
"3003307505"
"3003310001"
"3003310002"
"3003310003"
"3003310004"
"3003310005"
"3003310006"
"3003310007"
"3003310008"
"3003310009"
"3003310010"
"3003310011"
"3003310012"
"3003310013"
"3003310014"
"3003310015"
"3003310021"
"3003310027"
"3003310028"
"3003310030"
"3003310034"
"3003310035"
"3003310036"
"3003310037"
"3003310038"
"3003310039"
"3003310040"
"3003310041"
"3003310042"
"3003310043"
"3003310044"
"3003310046"
"3003310047"
"3003320012"
"3003320028"
"3003317501"
"3003320001"
"3003320002"
"3003320004"
"3003320005"
"3003320006"
"3003320008"
"3003320009"
"3003320010"
"3003320011"
"3003320013"
"3003320014"
"3003320015"
"3003320016"
"3003320017"
"3003320018"
"3003320019"
"3003320021"
"3003320022"
"3003320024"
"3003320026"
"3003320030"
"3003320031"
"3003320033"
"3003320034"
"3003320035"
"3003320036"
"3003320038"
"3003320039"
"3003320040"
"3003320041"
"3003320042"
"3003330001"
"3003320043"
"3003320045"
"3003320046"
"3003320047"
"3003320048"
"3003320049"
"3003320050"
"3003320051"
"3003320052"
"3003327501"
"3003327502"
"3003327503"
"3003330002"
"3003330003"
"3003330004"
"3003330005"
"3003330006"
"3003330007"
"3003330008"
"3003330013"
"3003330014"
"3003330015"
"3003330016"
"3003330017"
"3003330018"
"3003330019"
"3003330020"
"3003330021"
"3003330023"
"3003330024"
"3003330026"
"3003330027"
"3003330028"
"3003330029"
"3003330030"
"3003330031"
"3003330032"
"3003330033"
"3003330034"
"3003330035"
"3003330036"
"3003330037"
"3003330038"
"3003330041"
"3003330042"
"3003330043"
"3003330055"
"3003330044"
"3003330045"
"3003330046"
"3003330047"
"3003330048"
"3003330049"
"3003330050"
"3003330051"
"3003330052"
"3003330053"
"3003330054"
"3003330056"
"3003330057"
"3003330058"
"3003337501"
"3003340002"
"3003340004"
"3003340005"
"3003340006"
"3003340055"
"3003340007"
"3003340014"
"3003340019"
"3003340023"
"3003340025"
"3003340028"
"3003340034"
"3003340040"
"3003340051"
"3003340052"
"3003340053"
"3003340054"
"3003340058"
"3003340059"
"3003340061"
"3003340062"
"3003340063"
"3003340064"
"3003340065"
"3003350001"
"3003350010"
"3003350016"
"3003350017"
"3003350018"
"3003350019"
"3003350020"
"3003350022"
"3003350023"
"3003350024"
"3003350025"
"3003350026"
"3003350027"
"3003350029"
"3003350030"
"3003350031"
"3003350032"
"3003350033"
"3003350042"
"3003350043"
"3003350045"
"3003350047"
"3003350059"
"3003350060"
"3003357501"
"3003360001"
"3003360002"
"3003360003"
"3003360004"
"3003360005"
"3003360006"
"3003360007"
"3003360009"
"3003360010"
"3003360011"
"3003360016"
"3003360017"
"3003360018"
"3003360035"
"3003360036"
"3003360037"
"3003360038"
"3003360039"
"3003360040"
"3003360041"
"3003360042"
"3003360043"
"3003360044"
"3003360045"
"3003360046"
"3003367501"
"3003367502"
"3003367503"
"3003367504"
"3003370001"
"3003370002"
"3003370003"
"3003370004"
"3003370005"
"3003370006"
"3003370007"
"3003370008"
"3003370009"
"3003370010"
"3003370011"
"3003370012"
"3003370013"
"3003370014"
"3003370015"
"3003370017"
"3003370018"
"3003370019"
"3003370020"
"3003370022"
"3003370023"
"3003370024"
"3003370025"
"3003370027"
"3003370036"
"3003370037"
"3003370038"
"3003370039"
"3003370040"
"3003377501"
"3003377502"
"3003380003"
"3003380004"
"3003380005"
"3003380006"
"3003380007"
"3003380008"
"3003380009"
"3003380010"
"3003380011"
"3003380012"
"3003380014"
"3003380015"
"3003380017"
"3003380018"
"3003380020"
"3003380021"
"3003380023"
"3003380024"
"3003380025"
"3003380026"
"3003380027"
"3003380029"
"3003380030"
"3003380031"
"3003380032"
"3003380033"
"3003380038"
"3003380039"
"3003380040"
"3003380041"
"3003380042"
"3003380043"
"3003380044"
"3003380045"
"3003380048"
"3003380052"
"3003380053"
"3003387501"
"3003387502"
"3003390001"
"3003390003"
"3003390004"
"3003390006"
"3003390008"
"3003390011"
"3003390012"
"3003390013"
"3003390015"
"3003390017"
"3003390018"
"3003390026"
"3003390027"
"3003390047"
"3003390048"
"3003390049"
"3003390050"
"3003390051"
"3003390053"
"3003390119"
"3003390120"
"3003390121"
"3003390122"
"3003390123"
"3003390124"
"3003390125"
"3003390144"
"3003390145"
"3003390146"
"3003390147"
"3003397501"
"3003397503"
"3003400001"
"3003400002"
"3003400003"
"3003400004"
"3003400005"
"3003400006"
"3003400007"
"3003400008"
"3003400009"
"3003400010"
"3003400014"
"3003400015"
"3003400016"
"3003400017"
"3003400019"
"3003400020"
"3003400021"
"3003400022"
"3003400023"
"3003400024"
"3003400025"
"3003400026"
"3003400028"
"3003400029"
"3003400030"
"3003400031"
"3003400032"
"3003400033"
"3003400035"
"3003400038"
"3003400039"
"3003400040"
"3003400041"
"3003400042"
"3003400043"
"3003400045"
"3003400046"
"3003400048"
"3003400051"
"3003410001"
"3003410002"
"3003410004"
"3003410006"
"3003410007"
"3003410008"
"3003410009"
"3003410013"
"3003410014"
"3003410015"
"3003410016"
"3003410017"
"3003410018"
"3003410019"
"3003410020"
"3003410021"
"3003410022"
"3003410023"
"3003410024"
"3003410025"
"3003410026"
"3003410027"
"3003410028"
"3003410029"
"3003410030"
"3003410053"
"3003410059"
"3003410061"
"3003410062"
"3003410063"
"3003417501"
"3003417502"
"3003420014"
"3003420015"
"3003420016"
"3003420017"
"3003420018"
"3003420019"
"3003420020"
"3003420021"
"3003420022"
"3003420023"
"3003420036"
"3003420037"
"3003420038"
"3003420039"
"3003420040"
"3003420041"
"3003420042"
"3003420043"
"3003420044"
"3003420045"
"3003420046"
"3003420047"
"3003420048"
"3003420050"
"3003427501"
"3003430001"
"3003430003"
"3003430004"
"3003430005"
"3003430007"
"3003430008"
"3003430009"
"3003430010"
"3003430011"
"3003430012"
"3003430013"
"3003430015"
"3003430016"
"3003430018"
"3003430019"
"3003430021"
"3003430023"
"3003430024"
"3003430026"
"3003430027"
"3003430028"
"3003430029"
"3003430030"
"3003430031"
"3003430032"
"3003430034"
"3003430036"
"3003430037"
"3003430038"
"3003430039"
"3003430040"
"3003430041"
"3003430044"
"3003430046"
"3003440001"
"3003440002"
"3003440003"
"3003440004"
"3003440005"
"3003440007"
"3003440008"
"3003440009"
"3003440010"
"3003440011"
"3003440012"
"3003440013"
"3003440014"
"3003440015"
"3003440016"
"3003440017"
"3003440018"
"3003440019"
"3003440020"
"3003440021"
"3003440022"
"3003440023"
"3003440024"
"3003440025"
"3003440026"
"3003440027"
"3003440029"
"3003440030"
"3003440031"
"3003440032"
"3003440033"
"3003440034"
"3003440035"
"3003440036"
"3003440037"
"3003440038"
"3003440040"
"3003440042"
"3003440043"
"3003440044"
"3003440045"
"3003440046"
"3003440047"
"3003440048"
"3003440050"
"3003440051"
"3003440052"
"3003440053"
"3003440054"
"3003440055"
"3003440056"
"3003440057"
"3003440058"
"3003447501"
"3003450001"
"3003450002"
"3003450003"
"3003450004"
"3003450005"
"3003450006"
"3003450007"
"3003450008"
"3003450010"
"3003450011"
"3003470051"
"3003450012"
"3003450013"
"3003450014"
"3003450015"
"3003450016"
"3003450017"
"3003450018"
"3003450019"
"3003450020"
"3003450021"
"3003450022"
"3003450023"
"3003450024"
"3003450026"
"3003450029"
"3003450030"
"3003450038"
"3003450040"
"3003450041"
"3003450042"
"3003450043"
"3003450044"
"3003450045"
"3003450046"
"3003450047"
"3003450048"
"3003450049"
"3003450050"
"3003450051"
"3003450108"
"3003450119"
"3003460022"
"3003457501"
"3003460001"
"3003460002"
"3003460003"
"3003460005"
"3003460006"
"3003460007"
"3003460009"
"3003460010"
"3003460011"
"3003460021"
"3003460023"
"3003460025"
"3003460026"
"3003460029"
"3003470001"
"3003470002"
"3003470003"
"3003470004"
"3003470011"
"3003470048"
"3003470049"
"3003470050"
"3003470053"
"3003470058"
"3003470059"
"3003470060"
"3003470062"
"3003470063"
"3003470064"
"3003470152"
"3003477501"
"3003477502"
"3003480014"
"3003477503"
"3003477504"
"3003480001"
"3003480002"
"3003480003"
"3003480004"
"3003480005"
"3003480009"
"3003480010"
"3003480012"
"3003480013"
"3003480015"
"3003480018"
"3003480019"
"3003480020"
"3003480022"
"3003480023"
"3003480024"
"3003480025"
"3003480040"
"3003480041"
"3003480042"
"3003480043"
"3003480044"
"3003480045"
"3003480046"
"3003480047"
"3003487501"
"3003487502"
"3003487503"
"3003487504"
"3003490001"
"3003490003"
"3003490004"
"3003490005"
"3003490006"
"3003490007"
"3003490008"
"3003490009"
"3003490010"
"3003490011"
"3003490012"
"3003490013"
"3003490014"
"3003490015"
"3003490016"
"3003490017"
"3003500006"
"3003490018"
"3003490023"
"3003490024"
"3003490025"
"3003490027"
"3003490028"
"3003490029"
"3003490031"
"3003500002"
"3003490032"
"3003550048"
"3003490034"
"3003490038"
"3003490039"
"3003490040"
"3003490041"
"3003490042"
"3003490043"
"3003497501"
"3003500001"
"3003500003"
"3003500004"
"3003500005"
"3003500008"
"3003500010"
"3003500011"
"3003500013"
"3003500014"
"3003500015"
"3003500016"
"3003500018"
"3003500019"
"3003500020"
"3003500021"
"3003500022"
"3003500024"
"3003500025"
"3003500026"
"3003500029"
"3003500030"
"3003500031"
"3003500032"
"3003500033"
"3003500034"
"3003500035"
"3003500036"
"3003500037"
"3003500038"
"3003500039"
"3003500040"
"3003500041"
"3003500042"
"3003500043"
"3003500044"
"3003500045"
"3003500046"
"3003500047"
"3003500048"
"3003500049"
"3003507501"
"3003507502"
"3003507503"
"3003507504"
"3003510001"
"3003510004"
"3003510007"
"3003510009"
"3003510010"
"3003510012"
"3003510013"
"3003510014"
"3003510015"
"3003510016"
"3003510017"
"3003510018"
"3003510019"
"3003510020"
"3003510021"
"3003510022"
"3003510023"
"3003510024"
"3003510025"
"3003510026"
"3003510027"
"3003510028"
"3003510029"
"3003510031"
"3003510033"
"3003510034"
"3003510036"
"3003510037"
"3003510038"
"3003510039"
"3003510040"
"3003510041"
"3003510042"
"3003510043"
"3003510044"
"3003510045"
"3003510046"
"3003510047"
"3003510048"
"3003517501"
"3003517502"
"3003520001"
"3003520003"
"3003520004"
"3003520005"
"3003520006"
"3003520007"
"3003520008"
"3003520009"
"3003520010"
"3003520011"
"3003520012"
"3003520013"
"3003520014"
"3003520015"
"3003520016"
"3003520017"
"3003520018"
"3003520019"
"3003520020"
"3003520021"
"3003520022"
"3003520023"
"3003520024"
"3003520047"
"3003520048"
"3003520049"
"3003520050"
"3003520051"
"3003520052"
"3003520053"
"3003520054"
"3003520055"
"3003520060"
"3003527501"
"3003527502"
"3003530001"
"3003530002"
"3003530004"
"3003530005"
"3003530006"
"3003530007"
"3003530008"
"3003530009"
"3003530010"
"3003530012"
"3003530013"
"3003530014"
"3003530015"
"3003530016"
"3003530017"
"3003530018"
"3003530019"
"3003530020"
"3003530021"
"3003530022"
"3003530023"
"3003530035"
"3003530036"
"3003530037"
"3003530038"
"3003530039"
"3003530040"
"3003530041"
"3003530042"
"3003530043"
"3003530044"
"3003530045"
"3003530047"
"3003530048"
"3003540001"
"3003540018"
"3003540019"
"3003540020"
"3003540021"
"3003540022"
"3003540023"
"3003540024"
"3003540026"
"3003540027"
"3003540028"
"3003540029"
"3003540030"
"3003540032"
"3003540033"
"3003540034"
"3003540035"
"3003540038"
"3003540039"
"3003540040"
"3003540044"
"3003540045"
"3003547501"
"3003547502"
"3003550001"
"3003550002"
"3003550003"
"3003550004"
"3003550005"
"3003550006"
"3003550007"
"3003550008"
"3003550009"
"3003550011"
"3003550012"
"3003550013"
"3003550014"
"3003550015"
"3003550016"
"3003550017"
"3003550018"
"3003550022"
"3003550027"
"3003550028"
"3003550030"
"3003550036"
"3003550037"
"3003550039"
"3003550040"
"3003550041"
"3003550042"
"3003550043"
"3003550044"
"3003550046"
"3003550047"
"3003550050"
"3003550115"
"3003560001"
"3003560002"
"3003560003"
"3003560004"
"3003560005"
"3003560006"
"3003560007"
"3003560008"
"3003560009"
"3003560010"
"3003560011"
"3003560012"
"3003560013"
"3003560014"
"3003560015"
"3003560016"
"3003560017"
"3003560018"
"3003560019"
"3003560020"
"3003560021"
"3003560022"
"3003560023"
"3003560024"
"3003560025"
"3003560026"
"3003560027"
"3003560029"
"3003560030"
"3003560031"
"3003560032"
"3003560033"
"3003560034"
"3003560035"
"3003560036"
"3003560037"
"3003560038"
"3003560039"
"3003560040"
"3003560041"
"3003560042"
"3003560043"
"3003560045"
"3003560046"
"3003560048"
"3003560049"
"3003560050"
"3003560051"
"3003560052"
"3003560053"
"3003560054"
"3003560055"
"3003560136"
"3003567501"
"3003567502"
"3003570001"
"3003570002"
"3003570003"
"3003570004"
"3003570005"
"3003570006"
"3003570007"
"3003570008"
"3003570009"
"3003570010"
"3003570013"
"3003570020"
"3003570025"
"3003570026"
"3003570027"
"3003570028"
"3003570029"
"3003570033"
"3003570034"
"3003570035"
"3003570036"
"3003577501"
"3003580001"
"3003580002"
"3003580003"
"3003580004"
"3003580005"
"3003580009"
"3003580010"
"3003580011"
"3003580012"
"3003580014"
"3003580015"
"3003580016"
"3003580018"
"3003580019"
"3003580020"
"3003580021"
"3003580022"
"3003580023"
"3003580024"
"3003580037"
"3003580040"
"3003580041"
"3003580042"
"3003580043"
"3003580044"
"3003580045"
"3003580047"
"3003580048"
"3003580049"
"3003587501"
"3003587502"
"3003587503"
"3003587504"
"3003590001"
"3003590002"
"3003590004"
"3003590005"
"3003590006"
"3003590007"
"3003590008"
"3003590009"
"3003590010"
"3003590011"
"3003590012"
"3003590013"
"3003590014"
"3003590015"
"3003590016"
"3003590017"
"3003590018"
"3003590019"
"3003590020"
"3003590022"
"3003590023"
"3003590024"
"3003590025"
"3003590026"
"3003590027"
"3003590028"
"3003590029"
"3003590030"
"3003590032"
"3003590033"
"3003590034"
"3003590035"
"3003590038"
"3003590039"
"3003590040"
"3003590042"
"3003590043"
"3003590044"
"3003590045"
"3003590047"
"3003597501"
"3003597502"
"3003600001"
"3003600002"
"3003600003"
"3003600005"
"3003600006"
"3003600007"
"3003600008"
"3003600009"
"3003600010"
"3003600011"
"3003600012"
"3003600015"
"3003600016"
"3003600017"
"3003600018"
"3003600019"
"3003600020"
"3003600021"
"3003600022"
"3003600023"
"3003600024"
"3003600025"
"3003600026"
"3003600027"
"3003600028"
"3003600029"
"3003600031"
"3003600032"
"3003600033"
"3003600034"
"3003600035"
"3003600036"
"3003600037"
"3003600038"
"3003600039"
"3003600040"
"3003600041"
"3003600042"
"3003600043"
"3003600044"
"3003600045"
"3003600046"
"3003600047"
"3003600050"
"3003600051"
"3003600052"
"3003600053"
"3003607501"
"3003610001"
"3003610002"
"3003610004"
"3003610005"
"3003610006"
"3003610007"
"3003610008"
"3003610009"
"3003610010"
"3003610011"
"3003610012"
"3003610013"
"3003610014"
"3003610015"
"3003610016"
"3003610019"
"3003610020"
"3003610022"
"3003610024"
"3003610025"
"3003610026"
"3003610027"
"3003610028"
"3003610029"
"3003610032"
"3003610033"
"3003610034"
"3003610035"
"3003610036"
"3003610037"
"3003610038"
"3003610039"
"3003610040"
"3003610041"
"3003610042"
"3003610043"
"3003610044"
"3003610045"
"3003610046"
"3003610047"
"3003610048"
"3003610049"
"3003610050"
"3003610051"
"3003610052"
"3003610053"
"3003610054"
"3003617501"
"3003620001"
"3003630001"
"3003630002"
"3003630003"
"3003630004"
"3003630005"
"3003630006"
"3003630007"
"3003630008"
"3003630009"
"3003630010"
"3003630011"
"3003630015"
"3003630016"
"3003630017"
"3003630018"
"3003630019"
"3003630020"
"3003630021"
"3003630022"
"3003630023"
"3003630038"
"3003630046"
"3003630047"
"3003630048"
"3003630050"
"3003630051"
"3003640010"
"3003640017"
"3003640018"
"3003640019"
"3003640020"
"3003640021"
"3003640023"
"3003640024"
"3003640025"
"3003640026"
"3003640027"
"3003640028"
"3003640029"
"3003640030"
"3003640034"
"3003640035"
"3003647501"
"3003647502"
"3003647503"
"3003650001"
"3003650004"
"3003650006"
"3003650007"
"3003650008"
"3003650009"
"3003650010"
"3003650012"
"3003650014"
"3003650016"
"3003650018"
"3003650020"
"3003650022"
"3003650023"
"3003650024"
"3003650025"
"3003650026"
"3003650027"
"3003650028"
"3003650029"
"3003650030"
"3003650031"
"3003650032"
"3003650033"
"3003650034"
"3003650036"
"3003650037"
"3003650038"
"3003650041"
"3003650042"
"3003650043"
"3003650044"
"3003650046"
"3003650047"
"3003650048"
"3003650049"
"3003650050"
"3003650051"
"3003650052"
"3003650053"
"3003650054"
"3003650055"
"3003650056"
"3003650057"
"3003650058"
"3003650059"
"3003650060"
"3003650061"
"3003650062"
"3003657501"
"3003660001"
"3003660002"
"3003660004"
"3003660006"
"3003660008"
"3003660009"
"3003660010"
"3003660011"
"3003660014"
"3003660015"
"3003660016"
"3003660018"
"3003660019"
"3003660020"
"3003660021"
"3003660022"
"3003660023"
"3003660024"
"3003660025"
"3003660027"
"3003660028"
"3003660029"
"3003660030"
"3003660031"
"3003660032"
"3003660033"
"3003660034"
"3003660035"
"3003660036"
"3003660037"
"3003660038"
"3003660039"
"3003660040"
"3003660041"
"3003660042"
"3003660043"
"3003660044"
"3003660045"
"3003660046"
"3003660047"
"3003660048"
"3003660049"
"3003660051"
"3003660054"
"3003660055"
"3003660056"
"3003660057"
"3003660146"
"3003667501"
"3003667502"
"3003667503"
"3003670009"
"3003670015"
"3003670029"
"3003670030"
"3003670037"
"3003680001"
"3003690001"
"3003690005"
"3003700011"
"3003690010"
"3003690020"
"3003700001"
"3003700002"
"3003700004"
"3003700005"
"3003700006"
"3003700007"
"3003700009"
"3003700010"
"3003700012"
"3003700013"
"3003700014"
"3003700015"
"3003700016"
"3003700017"
"3003700018"
"3003700019"
"3003700020"
"3003700021"
"3003700022"
"3003700023"
"3003700024"
"3003700025"
"3003700026"
"3003700027"
"3003700028"
"3003700029"
"3003700030"
"3003700031"
"3003700032"
"3003700033"
"3003700034"
"3003700035"
"3003700036"
"3003700037"
"3003700038"
"3003700039"
"3003700040"
"3003700041"
"3003700042"
"3003700043"
"3003700044"
"3003700045"
"3003700046"
"3003700047"
"3003700048"
"3003700049"
"3003700050"
"3003700051"
"3003700052"
"3003700053"
"3003700054"
"3003700055"
"3003700056"
"3003710001"
"3003710002"
"3003710003"
"3003710004"
"3003710005"
"3003710006"
"3003710007"
"3003710008"
"3003710009"
"3003710010"
"3003710011"
"3003710012"
"3003710013"
"3003710014"
"3003710015"
"3003710016"
"3003710017"
"3003710018"
"3003710019"
"3003710021"
"3003710022"
"3003710023"
"3003710024"
"3003710025"
"3003710026"
"3003710027"
"3003710028"
"3003710029"
"3003710030"
"3003710031"
"3003710032"
"3003710033"
"3003710034"
"3003710035"
"3003710036"
"3003710038"
"3003710039"
"3003710040"
"3003710041"
"3003710042"
"3003710043"
"3003710044"
"3003710045"
"3003710046"
"3003710047"
"3003710048"
"3003710049"
"3003710050"
"3003710051"
"3003710052"
"3003710053"
"3003710054"
"3003710055"
"3003710056"
"3003710057"
"3003710058"
"3003710059"
"3003710060"
"3003710061"
"3003710062"
"3003720025"
"3003720027"
"3003720028"
"3003720029"
"3003720030"
"3003720031"
"3003720032"
"3003730001"
"3003730002"
"3003730003"
"3003730004"
"3003730006"
"3003730008"
"3003730009"
"3003730010"
"3003730011"
"3003730012"
"3003730013"
"3003730014"
"3003730016"
"3003730017"
"3003730018"
"3003730019"
"3003730020"
"3003730021"
"3003730022"
"3003730023"
"3003730024"
"3003730025"
"3003730026"
"3003730027"
"3003730028"
"3003730029"
"3003730030"
"3003730031"
"3003730033"
"3003730034"
"3003730035"
"3003730036"
"3003730037"
"3003730038"
"3003730040"
"3003730042"
"3003730043"
"3003730044"
"3003730046"
"3003730048"
"3003730049"
"3003730050"
"3003730052"
"3003730108"
"3003740001"
"3003740002"
"3003740003"
"3003740004"
"3003740005"
"3003740006"
"3003740007"
"3003740008"
"3003740009"
"3003740010"
"3003740011"
"3003740012"
"3003740013"
"3003740014"
"3003740015"
"3003740016"
"3003740017"
"3003740018"
"3003740019"
"3003740020"
"3003740021"
"3003740022"
"3003740023"
"3003740024"
"3003740025"
"3003740026"
"3003740027"
"3003740028"
"3003740031"
"3003740033"
"3003740034"
"3003740035"
"3003740036"
"3003740037"
"3003740038"
"3003740039"
"3003740040"
"3003740041"
"3003740042"
"3003740043"
"3003740044"
"3003740045"
"3003740046"
"3003740047"
"3003740048"
"3003740049"
"3003740050"
"3003740051"
"3003740052"
"3003740053"
"3003740054"
"3003740055"
"3003740130"
"3003747501"
"3003750001"
"3003760015"
"3003760016"
"3003760017"
"3003760018"
"3003760020"
"3003760021"
"3003760023"
"3003760027"
"3003760028"
"3003760030"
"3003760031"
"3003760032"
"3003760033"
"3003760035"
"3003760036"
"3003760037"
"3003760038"
"3003760039"
"3003760040"
"3003760041"
"3003760042"
"3003760043"
"3003760044"
"3003760045"
"3003760046"
"3003760052"
"3003767501"
"3003770001"
"3003770002"
"3003770003"
"3003770004"
"3003770005"
"3003770010"
"3003770011"
"3003770012"
"3003770013"
"3003770014"
"3003770015"
"3003770016"
"3003770017"
"3003770018"
"3003770019"
"3003770020"
"3003770021"
"3003770022"
"3003770023"
"3003770024"
"3003770025"
"3003770026"
"3003770028"
"3003770029"
"3003770030"
"3003770031"
"3003770033"
"3003770034"
"3003770036"
"3003770037"
"3003770039"
"3003770040"
"3003770041"
"3003770042"
"3003770043"
"3003770044"
"3003770045"
"3003770046"
"3003770047"
"3003770048"
"3003770049"
"3003770050"
"3003770051"
"3003770052"
"3003770053"
"3003770054"
"3003770055"
"3003770056"
"3003770057"
"3003770058"
"3003777501"
"3003790001"
"3003790002"
"3003790003"
"3003790004"
"3003790005"
"3003790006"
"3003790007"
"3003790008"
"3003790009"
"3003790010"
"3003790012"
"3003790014"
"3003790015"
"3003790016"
"3003790017"
"3003790018"
"3003790019"
"3003790020"
"3003790022"
"3003790023"
"3003790024"
"3003790025"
"3003790026"
"3003790027"
"3003790029"
"3003790030"
"3003790031"
"3003790032"
"3003790033"
"3003790034"
"3003790035"
"3003790036"
"3003790037"
"3003790038"
"3003790040"
"3003790041"
"3003790042"
"3003790043"
"3003790044"
"3003790045"
"3003790046"
"3003790047"
"3003790048"
"3003790049"
"3003790050"
"3003790052"
"3003790053"
"3003790054"
"3003790055"
"3003790140"
"3003797501"
"3003810009"
"3003810014"
"3003810015"
"3003810016"
"3003810017"
"3003810018"
"3003810019"
"3003810020"
"3003810021"
"3003810022"
"3003810024"
"3003810025"
"3003810026"
"3003810027"
"3003810028"
"3003810030"
"3003810031"
"3003810032"
"3003810033"
"3003810034"
"3003810035"
"3003810036"
"3003810037"
"3003810038"
"3003810039"
"3003810041"
"3003810043"
"3003810046"
"3003810047"
"3003810048"
"3003810049"
"3003810050"
"3003810055"
"3003810126"
"3003817501"
"3003820001"
"3003820005"
"3003820016"
"3003820018"
"3003820019"
"3003820020"
"3003820021"
"3003820022"
"3003820023"
"3003820024"
"3003820025"
"3003820026"
"3003820027"
"3003820028"
"3003820029"
"3003820030"
"3003820031"
"3003820032"
"3003820033"
"3003820034"
"3003820035"
"3003820036"
"3003827501"
"3003830001"
"3004167501"
"3004140001"
"3004140002"
"3004140004"
"3004140005"
"3004140006"
"3004140007"
"3004140008"
"3004140009"
"3004140010"
"3004140012"
"3004140013"
"3004140014"
"3004140015"
"3004140016"
"3004140017"
"3004140018"
"3004140019"
"3004140020"
"3004140021"
"3004140022"
"3004140023"
"3004140024"
"3004140025"
"3004140026"
"3004140027"
"3004140028"
"3004140029"
"3004140030"
"3004140031"
"3004140032"
"3004140033"
"3004140034"
"3004140035"
"3004140036"
"3004140037"
"3004140038"
"3004140039"
"3004140041"
"3004140043"
"3004140044"
"3004140045"
"3004140046"
"3004140047"
"3004140048"
"3004140049"
"3004140050"
"3004140052"
"3004140053"
"3004140054"
"3004140055"
"3004140056"
"3004140057"
"3004140058"
"3004140059"
"3004140060"
"3004140061"
"3004140062"
"3004140063"
"3004150001"
"3004150002"
"3004150003"
"3004150004"
"3004150005"
"3004150006"
"3004150007"
"3004150008"
"3004150009"
"3004150010"
"3004150011"
"3004150013"
"3004150014"
"3004150015"
"3004150016"
"3004150017"
"3004150018"
"3004150019"
"3004150020"
"3004150021"
"3004150022"
"3004150023"
"3004150024"
"3004150026"
"3004150027"
"3004150028"
"3004150029"
"3004150030"
"3004150031"
"3004150032"
"3004150033"
"3004150034"
"3004150035"
"3004150036"
"3004150037"
"3004150039"
"3004150040"
"3004150041"
"3004150042"
"3004150043"
"3004150044"
"3004150045"
"3004150046"
"3004150047"
"3004150048"
"3004150050"
"3004150051"
"3004150052"
"3004150053"
"3004150054"
"3004150055"
"3004150056"
"3004150057"
"3004150058"
"3004150059"
"3004150060"
"3004150061"
"3004150062"
"3004150063"
"3004150064"
"3004150065"
"3004150066"
"3004150067"
"3004150069"
"3004150070"
"3004150071"
"3004150072"
"3004150073"
"3004157501"
"3004160001"
"3004160002"
"3004160003"
"3004160004"
"3004160005"
"3004160006"
"3004160007"
"3004160008"
"3004160009"
"3004160010"
"3004160011"
"3004160012"
"3004160013"
"3004160014"
"3004160015"
"3004160016"
"3004160017"
"3004160025"
"3004160026"
"3004160027"
"3004160028"
"3004160029"
"3004160030"
"3004160031"
"3004160032"
"3004160033"
"3004160035"
"3004160036"
"3004160039"
"3004160040"
"3004160042"
"3004160043"
"3004160046"
"3004160048"
"3004160050"
"3004160051"
"3004160052"
"3004160053"
"3004160054"
"3004160055"
"3004160056"
"3004160057"
"3004160068"
"3004160071"
"3004160072"
"3004167502"
"3004170001"
"3004170010"
"3004170014"
"3004170021"
"3004210001"
"3004210002"
"3004210003"
"3004210004"
"3004210005"
"3004210006"
"3004210007"
"3004210008"
"3004210009"
"3004210010"
"3004210012"
"3004210013"
"3004210014"
"3004210015"
"3004210016"
"3004210017"
"3004210018"
"3004210019"
"3004210020"
"3004210021"
"3004210022"
"3004210023"
"3004210024"
"3004210032"
"3004210033"
"3004210034"
"3004210036"
"3004210037"
"3004210038"
"3004210039"
"3004210040"
"3004210041"
"3004210042"
"3004210043"
"3004210044"
"3004210045"
"3004210046"
"3004210047"
"3004210048"
"3004210050"
"3004210051"
"3004210052"
"3004210053"
"3004210054"
"3004210055"
"3004210056"
"3004210057"
"3004210058"
"3004210059"
"3004210060"
"3004210061"
"3004210062"
"3004210063"
"3004210064"
"3004210065"
"3004217501"
"3004217502"
"3004217503"
"3004220001"
"3004220002"
"3004220003"
"3004220004"
"3004220005"
"3004220006"
"3004220007"
"3004220008"
"3004220009"
"3004220010"
"3004220011"
"3004220012"
"3004220013"
"3004220014"
"3004220015"
"3004220016"
"3004220017"
"3004220018"
"3004220019"
"3004220020"
"3004220021"
"3004220022"
"3004220023"
"3004220024"
"3004220025"
"3004220026"
"3004220027"
"3004220028"
"3004220029"
"3004220030"
"3004220031"
"3004220032"
"3004220033"
"3004220034"
"3004220035"
"3004220036"
"3004220037"
"3004220038"
"3004220039"
"3004220040"
"3004220041"
"3004220042"
"3004220044"
"3004220045"
"3004220046"
"3004220047"
"3004220048"
"3004220049"
"3004220050"
"3004220051"
"3004220052"
"3004220053"
"3004220054"
"3004220055"
"3004220056"
"3004220057"
"3004220058"
"3004220059"
"3004220060"
"3004220061"
"3004220062"
"3004220063"
"3004220064"
"3004220065"
"3004220066"
"3004220067"
"3004220068"
"3004220069"
"3004220070"
"3004220071"
"3004220072"
"3004220143"
"3004230001"
"3004230014"
"3004230015"
"3004230016"
"3004230017"
"3004230018"
"3004230019"
"3004230020"
"3004230021"
"3004230022"
"3004230024"
"3004230025"
"3004230026"
"3004230027"
"3004230028"
"3004230029"
"3004230030"
"3004230031"
"3004230032"
"3004230033"
"3004230035"
"3004230041"
"3004230042"
"3004230043"
"3004230044"
"3004230045"
"3004230046"
"3004230047"
"3004230048"
"3004230049"
"3004230050"
"3004230051"
"3004230052"
"3004230053"
"3004230054"
"3004230055"
"3004230056"
"3004230057"
"3004230058"
"3004230059"
"3004230060"
"3004230061"
"3004230062"
"3004230063"
"3004240001"
"3004240020"
"3004280024"
"3004280001"
"3004280004"
"3004280005"
"3004280006"
"3004280007"
"3004280008"
"3004280009"
"3004280011"
"3004280012"
"3004280013"
"3004280014"
"3004280015"
"3004280016"
"3004280017"
"3004280018"
"3004280019"
"3004280020"
"3004280021"
"3004280022"
"3004280023"
"3004280027"
"3004280028"
"3004280029"
"3004280030"
"3004280032"
"3004280033"
"3004280034"
"3004280035"
"3004280036"
"3004280038"
"3004280040"
"3004280041"
"3004280042"
"3004280045"
"3004280047"
"3004280048"
"3004280049"
"3004280052"
"3004280053"
"3004280056"
"3004280058"
"3004280059"
"3004287501"
"3004287502"
"3004287503"
"3004287504"
"3004287505"
"3004290001"
"3004290002"
"3004290003"
"3004290004"
"3004290005"
"3004290006"
"3004290007"
"3004290008"
"3004290009"
"3004290011"
"3004290013"
"3004290015"
"3004290016"
"3004290017"
"3004290018"
"3004290019"
"3004290020"
"3004290021"
"3004290022"
"3004290023"
"3004290024"
"3004290025"
"3004290026"
"3004290027"
"3004290028"
"3004290029"
"3004290030"
"3004290031"
"3004290032"
"3004290033"
"3004290034"
"3004290035"
"3004290036"
"3004290038"
"3004290040"
"3004290041"
"3004290042"
"3004290043"
"3004290045"
"3004290046"
"3004290047"
"3004290048"
"3004290049"
"3004290050"
"3004290051"
"3004290052"
"3004290053"
"3004290054"
"3004290055"
"3004290056"
"3004290057"
"3004290058"
"3004290060"
"3004290061"
"3004290062"
"3004290063"
"3004290064"
"3004290065"
"3004290066"
"3004290067"
"3004290068"
"3004290069"
"3004290070"
"3004290071"
"3004290072"
"3004290073"
"3004290074"
"3004300001"
"3004300002"
"3004300003"
"3004300004"
"3004300005"
"3004300006"
"3004300007"
"3004300008"
"3004300009"
"3004300010"
"3004300011"
"3004300012"
"3004300013"
"3004300014"
"3004300015"
"3004300016"
"3004300017"
"3004300018"
"3004300019"
"3004300020"
"3004300021"
"3004300022"
"3004300023"
"3004300024"
"3004300025"
"3004300026"
"3004300027"
"3004300028"
"3004300029"
"3004300030"
"3004300031"
"3004300032"
"3004300035"
"3004300036"
"3004300037"
"3004300038"
"3004300039"
"3004300040"
"3004300041"
"3004300042"
"3004300043"
"3004300044"
"3004300045"
"3004300046"
"3004300047"
"3004300048"
"3004300049"
"3004300050"
"3004300051"
"3004300052"
"3004300053"
"3004300054"
"3004300055"
"3004300056"
"3004300057"
"3004300072"
"3004300058"
"3004300062"
"3004300063"
"3004300064"
"3004300065"
"3004300066"
"3004300067"
"3004300068"
"3004300069"
"3004300070"
"3004300071"
"3004300073"
"3004300074"
"3004300075"
"3004300076"
"3004300077"
"3004300078"
"3004310001"
"3004310002"
"3004310005"
"3004310006"
"3004310007"
"3004310012"
"3004310017"
"3004310043"
"3004350014"
"3004350001"
"3004350002"
"3004350003"
"3004350004"
"3004350005"
"3004350007"
"3004350008"
"3004350009"
"3004350011"
"3004350012"
"3004350013"
"3004350015"
"3004350016"
"3004350017"
"3004350018"
"3004350019"
"3004350020"
"3004350021"
"3004350022"
"3004350023"
"3004350024"
"3004350025"
"3004350026"
"3004350027"
"3004350028"
"3004350030"
"3004350031"
"3004350040"
"3004350041"
"3004350042"
"3004350043"
"3004350044"
"3004350046"
"3004350047"
"3004350048"
"3004350049"
"3004350050"
"3004350051"
"3004350052"
"3004357501"
"3004357502"
"3004357503"
"3004357504"
"3004357505"
"3004360001"
"3004360003"
"3004360004"
"3004360005"
"3004360006"
"3004360007"
"3004360008"
"3004360009"
"3004360010"
"3004360011"
"3004360012"
"3004360013"
"3004360014"
"3004360015"
"3004360016"
"3004360017"
"3004360018"
"3004360019"
"3004360020"
"3004360022"
"3004360024"
"3004360026"
"3004360030"
"3004360031"
"3004360032"
"3004360033"
"3004360034"
"3004360035"
"3004360036"
"3004360037"
"3004360038"
"3004360039"
"3004360042"
"3004360043"
"3004360044"
"3004360045"
"3004360046"
"3004360047"
"3004360048"
"3004360049"
"3004360050"
"3004360051"
"3004360052"
"3004360053"
"3004360054"
"3004360055"
"3004360056"
"3004360057"
"3004360058"
"3004360059"
"3004360060"
"3004360061"
"3004360062"
"3004360063"
"3004360064"
"3004360065"
"3004360066"
"3004360067"
"3004360068"
"3004360069"
"3004360070"
"3004360071"
"3004360072"
"3004360102"
"3004367501"
"3004367502"
"3004370001"
"3004370030"
"3004370031"
"3004370032"
"3004370033"
"3004370034"
"3004370035"
"3004370036"
"3004370037"
"3004370038"
"3004370039"
"3004370041"
"3004370043"
"3004370044"
"3004370045"
"3004370047"
"3004370049"
"3004370050"
"3004370051"
"3004380001"
"3004380002"
"3004380003"
"3004380007"
"3004440068"
"3004420001"
"3004430001"
"3004430002"
"3004430003"
"3004430004"
"3004430005"
"3004430006"
"3004430007"
"3004430008"
"3004430009"
"3004430010"
"3004430012"
"3004430013"
"3004430014"
"3004430015"
"3004430016"
"3004430017"
"3004430018"
"3004430019"
"3004430020"
"3004430021"
"3004430022"
"3004430023"
"3004430024"
"3004430025"
"3004430026"
"3004430027"
"3004430028"
"3004430029"
"3004430030"
"3004430031"
"3004430032"
"3004430033"
"3004430034"
"3004430035"
"3004430036"
"3004430037"
"3004430038"
"3004430039"
"3004430040"
"3004430041"
"3004430042"
"3004430043"
"3004430045"
"3004430046"
"3004430047"
"3004430048"
"3004430049"
"3004430050"
"3004430051"
"3004430055"
"3004430056"
"3004430057"
"3004430058"
"3004430059"
"3004430060"
"3004430061"
"3004430062"
"3004430063"
"3004430064"
"3004430065"
"3004430066"
"3004430067"
"3004430068"
"3004430069"
"3004430070"
"3004430071"
"3004430072"
"3004430073"
"3004430074"
"3004430075"
"3004437501"
"3004440001"
"3004440002"
"3004440003"
"3004440004"
"3004440005"
"3004440006"
"3004440007"
"3004440008"
"3004440009"
"3004440010"
"3004440011"
"3004440012"
"3004440013"
"3004440014"
"3004440015"
"3004440016"
"3004440017"
"3004440018"
"3004440037"
"3004440046"
"3004440061"
"3004440064"
"3004440065"
"3004440066"
"3004440067"
"3004440069"
"3004440070"
"3004440071"
"3004440072"
"3004447501"
"3004447502"
"3004447503"
"3004450001"
"3004450007"
"3004450008"
"3004450011"
"3004450020"
"3004450050"
"3004570062"
"3004490001"
"3004490006"
"3004490008"
"3004490010"
"3004490012"
"3004490015"
"3004490049"
"3004490050"
"3004490051"
"3004490052"
"3004497501"
"3004497502"
"3004497503"
"3004500001"
"3004500002"
"3004500003"
"3004500005"
"3004500006"
"3004500007"
"3004500044"
"3004500008"
"3004500009"
"3004500010"
"3004500012"
"3004500013"
"3004500014"
"3004500015"
"3004500016"
"3004500017"
"3004500018"
"3004500019"
"3004500020"
"3004500021"
"3004500022"
"3004500023"
"3004500024"
"3004500025"
"3004500026"
"3004500027"
"3004500028"
"3004500029"
"3004500030"
"3004500031"
"3004500032"
"3004500033"
"3004500034"
"3004500035"
"3004500036"
"3004500037"
"3004500038"
"3004500039"
"3004500041"
"3004500043"
"3004500045"
"3004500046"
"3004500047"
"3004500048"
"3004500049"
"3004500050"
"3004500051"
"3004500052"
"3004500053"
"3004500054"
"3004500055"
"3004500056"
"3004500057"
"3004500058"
"3004500059"
"3004500060"
"3004500061"
"3004500062"
"3004500063"
"3004500064"
"3004500065"
"3004500066"
"3004500067"
"3004500068"
"3004500069"
"3004500070"
"3004500071"
"3004500072"
"3004500073"
"3004510001"
"3004510002"
"3004510003"
"3004510004"
"3004510005"
"3004510006"
"3004510007"
"3004510008"
"3004510010"
"3004510011"
"3004510012"
"3004510013"
"3004510014"
"3004510015"
"3004510016"
"3004510017"
"3004510018"
"3004510019"
"3004510020"
"3004510021"
"3004510022"
"3004510023"
"3004510025"
"3004510034"
"3004510035"
"3004510043"
"3004510053"
"3004510054"
"3004510055"
"3004510056"
"3004510057"
"3004510058"
"3004510059"
"3004510060"
"3004510061"
"3004510062"
"3004510063"
"3004510064"
"3004510065"
"3004510066"
"3004510067"
"3004510068"
"3004520001"
"3004520005"
"3004520019"
"3004570001"
"3004570002"
"3004570003"
"3004570004"
"3004570005"
"3004570006"
"3004570007"
"3004570008"
"3004570009"
"3004570010"
"3004570011"
"3004570012"
"3004570013"
"3004570014"
"3004570015"
"3004570016"
"3004570017"
"3004570018"
"3004570019"
"3004570020"
"3004570021"
"3004570022"
"3004570023"
"3004570024"
"3004570025"
"3004570026"
"3004570027"
"3004570028"
"3004570029"
"3004570030"
"3004570031"
"3004570033"
"3004570034"
"3004570035"
"3004570036"
"3004570037"
"3004570038"
"3004570039"
"3004570041"
"3004570042"
"3004570043"
"3004570044"
"3004570045"
"3004570046"
"3004570047"
"3004570048"
"3004570049"
"3004570050"
"3004570051"
"3004570052"
"3004570053"
"3004570054"
"3004570055"
"3004570056"
"3004570057"
"3004570058"
"3004570059"
"3004570060"
"3004570061"
"3004570063"
"3004570064"
"3004570065"
"3004570066"
"3004570067"
"3004570068"
"3004580001"
"3004590002"
"3004590004"
"3004590005"
"3004590006"
"3004590007"
"3004590008"
"3004590009"
"3004590011"
"3004590012"
"3004590013"
"3004590014"
"3004590016"
"3004590018"
"3004590024"
"3004590031"
"3004590032"
"3004590034"
"3004590035"
"3004590036"
"3004590037"
"3004590038"
"3004590039"
"3004590040"
"3004590041"
"3004590042"
"3004590043"
"3004590044"
"3004590045"
"3004590046"
"3004590047"
"3004597501"
"3004597502"
"3004600001"
"3004600002"
"3004600003"
"3004600004"
"3004600005"
"3004600006"
"3004600007"
"3004600008"
"3004600009"
"3004600010"
"3004600011"
"3004600012"
"3004600013"
"3004600014"
"3004600015"
"3004600016"
"3004600017"
"3004600018"
"3004600019"
"3004600020"
"3004600021"
"3004600022"
"3004600023"
"3004600024"
"3004600025"
"3004600026"
"3004600027"
"3004600028"
"3004600029"
"3004600030"
"3004600031"
"3004600032"
"3004600034"
"3004600036"
"3004600038"
"3004600041"
"3004600042"
"3004600043"
"3004600044"
"3004600045"
"3004600046"
"3004600047"
"3004600048"
"3004600049"
"3004600050"
"3004600051"
"3004600052"
"3004600053"
"3004600054"
"3004600055"
"3004600056"
"3004600057"
"3004600058"
"3004600059"
"3004600060"
"3004600061"
"3004600063"
"3004607501"
"3004610001"
"3004610003"
"3004610020"
"3004610005"
"3004610008"
"3004610009"
"3004610010"
"3004610011"
"3004610012"
"3004610013"
"3004610014"
"3004610016"
"3004610017"
"3004610018"
"3004610019"
"3004610021"
"3004610022"
"3004610023"
"3004610024"
"3004610025"
"3004610026"
"3004610027"
"3004610028"
"3004610029"
"3004610030"
"3004610031"
"3004610032"
"3004610033"
"3004610034"
"3004610035"
"3004610036"
"3004610038"
"3004610039"
"3004610049"
"3004610050"
"3004610051"
"3004610052"
"3004610053"
"3004610054"
"3004610055"
"3004610056"
"3004610057"
"3004610058"
"3004610059"
"3004610062"
"3004610063"
"3004610136"
"3004617501"
"3004620001"
"3004620003"
"3004620004"
"3004620005"
"3004620006"
"3004620008"
"3004620009"
"3004620012"
"3004620014"
"3004620042"
"3004620044"
"3004620050"
"3004620051"
"3004630001"
"3004630002"
"3004630003"
"3004630006"
"3004630007"
"3004630008"
"3004630009"
"3004630010"
"3004630011"
"3004630012"
"3004630013"
"3004630014"
"3004630015"
"3004630016"
"3004630017"
"3004630018"
"3004630019"
"3004630020"
"3004630021"
"3004630029"
"3004630031"
"3004630032"
"3004630035"
"3004630036"
"3004630037"
"3004630038"
"3004630039"
"3004630040"
"3004630041"
"3004630042"
"3004630043"
"3004640001"
"3004640002"
"3004640003"
"3004640008"
"3004640009"
"3004640010"
"3004640011"
"3004640012"
"3004640013"
"3004640014"
"3004640015"
"3004640016"
"3004640017"
"3004640018"
"3004640022"
"3004640024"
"3004640025"
"3004640027"
"3004640028"
"3004640030"
"3004640031"
"3004640032"
"3004640033"
"3004640034"
"3004640035"
"3004640041"
"3004640045"
"3004640047"
"3004640049"
"3004640051"
"3004640059"
"3004640060"
"3004640061"
"3004640062"
"3004640063"
"3004640064"
"3004640065"
"3004647501"
"3004647502"
"3004647503"
"3004650001"
"3004650010"
"3004650012"
"3004650027"
"3004650028"
"3004650029"
"3004650033"
"3004650046"
"3004650047"
"3004650048"
"3004650049"
"3004650050"
"3004670007"
"3004650112"
"3004660001"
"3004660017"
"3004660019"
"3004660046"
"3004660060"
"3004670001"
"3004670002"
"3004670003"
"3004670005"
"3004670006"
"3004670008"
"3004670009"
"3004670010"
"3004670011"
"3004670013"
"3004670014"
"3004670016"
"3004670017"
"3004670018"
"3004670019"
"3004670020"
"3004670021"
"3004670022"
"3004670023"
"3004670024"
"3004670025"
"3004670035"
"3004670036"
"3004670039"
"3004670040"
"3004670041"
"3004670042"
"3004670043"
"3004670044"
"3004670046"
"3004670048"
"3004677501"
"3004677502"
"3004680001"
"3004680002"
"3004680003"
"3004680006"
"3004680007"
"3004680008"
"3004680009"
"3004680010"
"3004680014"
"3004680015"
"3004680016"
"3004680017"
"3004680021"
"3004680023"
"3004680024"
"3004680025"
"3004680051"
"3004680054"
"3004680057"
"3004680058"
"3004680059"
"3004680060"
"3004687501"
"3004687502"
"3004700001"
"3004700002"
"3004700003"
"3004700004"
"3004700005"
"3004700006"
"3004700007"
"3004700008"
"3004700012"
"3004700013"
"3004700015"
"3004700017"
"3004700018"
"3004700020"
"3004700031"
"3004700032"
"3004700033"
"3004700036"
"3004700037"
"3004700042"
"3004707501"
"3004707502"
"3004707503"
"3004707504"
"3004710001"
"3004710100"
"3004710104"
"3004710110"
"3004710114"
"3004710116"
"3004710125"
"3004710200"
"3004720001"
"3004720010"
"3004720018"
"3004720019"
"3004720021"
"3004720022"
"3004720023"
"3004720024"
"3004720025"
"3004720026"
"3004720027"
"3004720028"
"3004720036"
"3004720037"
"3004720038"
"3004720039"
"3004720040"
"3004720041"
"3004720042"
"3004720043"
"3004720044"
"3004720045"
"3004720046"
"3004720048"
"3004740001"
"3004740002"
"3004740003"
"3004740004"
"3004740005"
"3004740006"
"3004740009"
"3004740010"
"3004740012"
"3004740013"
"3004740014"
"3004740015"
"3004740016"
"3004740017"
"3004740018"
"3004740019"
"3004740020"
"3004740021"
"3004740022"
"3004740023"
"3004740025"
"3004740036"
"3004740037"
"3004740038"
"3004740040"
"3004740041"
"3004740042"
"3004740043"
"3004740044"
"3004740045"
"3004740046"
"3004740107"
"3004747501"
"3004747502"
"3004760001"
"3004760005"
"3004760019"
"3004760028"
"3004760029"
"3004760030"
"3004760031"
"3004760032"
"3004767501"
"3004770001"
"3004770008"
"3004770048"
"3004770049"
"3004780008"
"3004780009"
"3004780011"
"3004780012"
"3004780013"
"3004780014"
"3004780015"
"3004780016"
"3004780017"
"3004780018"
"3004780019"
"3004780020"
"3004780021"
"3004780025"
"3004780026"
"3004780027"
"3004780028"
"3004780029"
"3004780031"
"3004780032"
"3004780034"
"3004780035"
"3004780038"
"3004780040"
"3004780041"
"3004780042"
"3004780043"
"3004780044"
"3004787501"
"3004787502"
"3004787503"
"3004787504"
"3004787505"
"3004790001"
"3004790004"
"3004790005"
"3004790006"
"3004790007"
"3004790008"
"3004790009"
"3004790010"
"3004790012"
"3004790013"
"3004790014"
"3004790015"
"3004790022"
"3004790023"
"3004790027"
"3004790033"
"3004790034"
"3004790035"
"3004790036"
"3004790037"
"3004800001"
"3004800008"
"3004800034"
"3004810001"
"3004820001"
"3004820009"
"3004830001"
"3004830011"
"3004830020"
"3004840001"
"3004840006"
"3004840010"
"3004840012"
"3004840013"
"3004840014"
"3004840016"
"3004840017"
"3004840019"
"3004840021"
"3004840025"
"3004840026"
"3004840027"
"3004860001"
"3004860006"
"3004860012"
"3004860018"
"3004860020"
"3004860023"
"3004860025"
"3004870001"
"3004880001"
"3004880006"
"3004880011"
"3004890001"
"3004900001"
"3004900005"
"3004900007"
"3004900016"
"3004990001"
"3004910001"
"3004920001"
"3004920015"
"3004920020"
"3004930001"
"3004940001"
"3004950001"
"3004960001"
"3004960023"
"3004960050"
"3005020001"
"3005020025"
"3005020038"
"3005040001"
"3005040020"
"3005040050"
"3005050039"
"3005050058"
"3005050060"
"3005070001"
"3005070006"
"3005070050"
"3005080001"
"3005080003"
"3005080005"
"3005080007"
"3005080010"
"3005080018"
"3005080023"
"3005080025"
"3005080030"
"3005080036"
"3005080040"
"3005110001"
"3005110002"
"3005110003"
"3005110004"
"3005110005"
"3005110006"
"3005110010"
"3005110012"
"3005110014"
"3005110016"
"3005110019"
"3005110028"
"3005110035"
"3005120001"
"3005120006"
"3005120008"
"3005120013"
"3005120020"
"3005120022"
"3005120025"
"3005120034"
"3005120035"
"3005120036"
"3005120037"
"3005120038"
"3005120039"
"3005120041"
"3005120042"
"3005120043"
"3005120044"
"3005120045"
"3005130001"
"3005130002"
"3005130003"
"3005130004"
"3005130005"
"3005130006"
"3005130007"
"3005130008"
"3005130009"
"3005130011"
"3005130012"
"3005130013"
"3005130015"
"3005130017"
"3005130018"
"3005130029"
"3005130036"
"3005130037"
"3005130038"
"3005130039"
"3005130040"
"3005130041"
"3005130042"
"3005130043"
"3005130044"
"3005130045"
"3005130048"
"3005140001"
"3005140021"
"3005140040"
"3005150001"
"3005150050"
"3005170022"
"3005170023"
"3005170024"
"3005150061"
"3005150300"
"3005157501"
"3005170001"
"3005170004"
"3005170032"
"3005170017"
"3005170020"
"3005170025"
"3005170026"
"3005170027"
"3005170029"
"3005170030"
"3005170031"
"3005170033"
"3005170034"
"3005170035"
"3005170036"
"3005170037"
"3005170042"
"3005170044"
"3005170046"
"3005170047"
"3005170048"
"3005170049"
"3005180001"
"3005180006"
"3005180007"
"3005180008"
"3005180010"
"3005180011"
"3005200018"
"3005180012"
"3005180020"
"3005180023"
"3005180026"
"3005180028"
"3005180035"
"3005180039"
"3005180040"
"3005180041"
"3005180043"
"3005190001"
"3005190005"
"3005190012"
"3005190017"
"3005190024"
"3005200001"
"3005200008"
"3005200011"
"3005200012"
"3005200013"
"3005200016"
"3005200017"
"3005200019"
"3005200020"
"3005200021"
"3005200023"
"3005200024"
"3005200025"
"3005200026"
"3005200039"
"3005200040"
"3005200041"
"3005200042"
"3005210001"
"3005210006"
"3005220001"
"3005220002"
"3005220003"
"3005220004"
"3005220005"
"3005220007"
"3005220008"
"3005220009"
"3005220011"
"3005220015"
"3005220022"
"3005220050"
"3005230001"
"3005230013"
"3005230018"
"3005240001"
"3005240010"
"3005250001"
"3005260001"
"3005260013"
"3005260014"
"3005260015"
"3005260016"
"3005260017"
"3005260018"
"3005260019"
"3005260020"
"3005260022"
"3005260023"
"3005260024"
"3005260025"
"3005260027"
"3005260029"
"3005260030"
"3005260031"
"3005260043"
"3005260044"
"3005260124"
"3005270001"
"3005290001"
"3005290013"
"3005290020"
"3005290023"
"3005290024"
"3005290026"
"3005290027"
"3005290028"
"3005290030"
"3005290031"
"3005290032"
"3005290033"
"3005290034"
"3005290035"
"3005290036"
"3005290037"
"3005290038"
"3005290039"
"3005290045"
"3005290046"
"3005300002"
"3005300005"
"3005300006"
"3005300007"
"3005300008"
"3005300009"
"3005300010"
"3005300011"
"3005300013"
"3005300019"
"3005300020"
"3005310004"
"3005300024"
"3005300032"
"3005300036"
"3005300037"
"3005300038"
"3005300039"
"3005300046"
"3005300047"
"3005310001"
"3005310002"
"3005310003"
"3005310005"
"3005310006"
"3005310007"
"3005310008"
"3005310009"
"3005310010"
"3005310011"
"3005310037"
"3005310012"
"3005310013"
"3005310018"
"3005310022"
"3005310026"
"3005310031"
"3005310032"
"3005310033"
"3005310034"
"3005310035"
"3005310036"
"3005310038"
"3005310039"
"3005310040"
"3005310041"
"3005310042"
"3005310043"
"3005310044"
"3005310045"
"3005310046"
"3005310047"
"3005310048"
"3005310049"
"3005310050"
"3005310051"
"3005310052"
"3005310053"
"3005310054"
"3005317501"
"3005320001"
"3005330001"
"3005340001"
"3005340002"
"3005340003"
"3005340004"
"3005340005"
"3005340006"
"3005340007"
"3005340008"
"3005340010"
"3005340012"
"3005340013"
"3005340014"
"3005340015"
"3005340016"
"3005340017"
"3005340020"
"3005340022"
"3005340023"
"3005340025"
"3005340029"
"3005340035"
"3005340037"
"3005340041"
"3005340043"
"3005340045"
"3005340046"
"3005350001"
"3005350003"
"3005350004"
"3005350007"
"3005350009"
"3005350042"
"3005350013"
"3005350016"
"3005350019"
"3005350026"
"3005350034"
"3005350035"
"3005350037"
"3005350038"
"3005350039"
"3005350040"
"3005350041"
"3005350043"
"3005350044"
"3005350045"
"3005360001"
"3005360003"
"3005360004"
"3005360005"
"3005360006"
"3005360008"
"3005360009"
"3005360012"
"3005360015"
"3005360017"
"3005360021"
"3005360039"
"3005360041"
"3005360042"
"3005360043"
"3005360047"
"3005360105"
"3005380001"
"3005380054"
"3005380110"
"3005390001"
"3005390002"
"3005390003"
"3005390004"
"3005450024"
"3005390005"
"3005390008"
"3005390012"
"3005390013"
"3005390014"
"3005390021"
"3005390024"
"3005390037"
"3005410001"
"3005410016"
"3005450001"
"3005450003"
"3005450005"
"3005450007"
"3005450008"
"3005450010"
"3005547501"
"3005450015"
"3005450017"
"3005450019"
"3005450021"
"3005450022"
"3005450023"
"3005450025"
"3005450026"
"3005450027"
"3005460001"
"3005460002"
"3005460003"
"3005460004"
"3005460005"
"3005460006"
"3005460007"
"3005460008"
"3005460009"
"3005460010"
"3005460011"
"3005460012"
"3005460013"
"3005460014"
"3005460015"
"3005460016"
"3005460017"
"3005460032"
"3005460018"
"3005460021"
"3005460022"
"3005460023"
"3005460024"
"3005460025"
"3005460026"
"3005460027"
"3005460028"
"3005460029"
"3005460030"
"3005460031"
"3005460033"
"3005460039"
"3005460040"
"3005460041"
"3005460042"
"3005460043"
"3005460044"
"3005460045"
"3005460046"
"3005460047"
"3005460048"
"3005460049"
"3005460050"
"3005460051"
"3005460136"
"3005460146"
"3005520001"
"3005520003"
"3005520005"
"3005520013"
"3005520017"
"3005520018"
"3005520021"
"3005520022"
"3005520023"
"3005520024"
"3005520025"
"3005520029"
"3005520031"
"3005520034"
"3005520037"
"3005520038"
"3005540001"
"3005540012"
"3005540014"
"3005540027"
"3005540028"
"3005540029"
"3005540030"
"3005540031"
"3005540033"
"3005540040"
"3005550001"
"3005550004"
"3005550005"
"3005550019"
"3005550020"
"3005550021"
"3005550022"
"3005550023"
"3005550025"
"3005550026"
"3005550027"
"3005550032"
"3005550034"
"3005550035"
"3005560001"
"3005560002"
"3005560003"
"3005560005"
"3005560006"
"3005560007"
"3005560008"
"3005560010"
"3005560011"
"3005560015"
"3005560022"
"3005560023"
"3005560024"
"3005560026"
"3005560027"
"3005560028"
"3005560029"
"3005560032"
"3005560036"
"3005560037"
"3005560038"
"3005560039"
"3005560040"
"3005560041"
"3005560111"
"3005560112"
"3005560113"
"3005560114"
"3005560115"
"3005560116"
"3005560117"
"3005560118"
"3005560119"
"3005560120"
"3005560121"
"3005560128"
"3005560129"
"3005560141"
"3005560142"
"3005560143"
"3005560144"
"3005560145"
"3005560146"
"3005620026"
"3005560147"
"3005560148"
"3005560149"
"3005560150"
"3005570001"
"3005620001"
"3005620004"
"3005620014"
"3005620016"
"3005620018"
"3005620025"
"3005620027"
"3005620028"
"3005620029"
"3005620032"
"3005620033"
"3005620037"
"3005620046"
"3005620047"
"3005620049"
"3005640001"
"3005640015"
"3005640016"
"3005640019"
"3005640022"
"3005640037"
"3005640040"
"3005640041"
"3005640042"
"3005640114"
"3005650001"
"3005650010"
"3005650011"
"3005650012"
"3005650013"
"3005650014"
"3005650018"
"3005650019"
"3005650020"
"3005650021"
"3005650022"
"3005650025"
"3005650027"
"3005650028"
"3005650029"
"3005650030"
"3005660001"
"3005720001"
"3005730001"
"3005730040"
"3005730080"
"3005730100"
"3005730101"
"3005740001"
"3005740023"
"3005740024"
"3005740030"
"3005740031"
"3005740032"
"3005740034"
"3005740035"
"3005740037"
"3005740038"
"3005750001"
"3005750002"
"3005750023"
"3005750003"
"3005750009"
"3005750010"
"3005750011"
"3005750012"
"3005750014"
"3005750016"
"3005750017"
"3005750019"
"3005750020"
"3005750022"
"3005750024"
"3005750025"
"3005750026"
"3005750027"
"3005750028"
"3005750030"
"3005750031"
"3005750032"
"3005750033"
"3005750034"
"3005750035"
"3005750036"
"3005750037"
"3005750038"
"3005750039"
"3005757501"
"3005760001"
"3005760002"
"3005760003"
"3005760004"
"3005760006"
"3005760007"
"3005760008"
"3005760010"
"3005760012"
"3005760016"
"3005760024"
"3005760030"
"3005760031"
"3005760032"
"3005760033"
"3005760036"
"3005760037"
"3005760039"
"3005760040"
"3005760041"
"3005760042"
"3005760044"
"3005760045"
"3005760046"
"3005760051"
"3005760052"
"3005760053"
"3005760054"
"3005760055"
"3005760056"
"3005760057"
"3005760058"
"3005760059"
"3005767501"
"3005770001"
"3005770002"
"3005770003"
"3005770004"
"3005770007"
"3005770008"
"3005770009"
"3005770010"
"3005770011"
"3005770012"
"3005770013"
"3005770014"
"3005770015"
"3005770016"
"3005770017"
"3005770018"
"3005770019"
"3005770020"
"3005770021"
"3005770022"
"3005770023"
"3005770024"
"3005770025"
"3005770026"
"3005770027"
"3005770029"
"3005770040"
"3005770041"
"3005770042"
"3005770043"
"3005770044"
"3005770045"
"3005770046"
"3005770047"
"3005770048"
"3005770049"
"3005770050"
"3005770051"
"3005770052"
"3005770053"
"3005777501"
"3005780001"
"3005780002"
"3005780003"
"3005780004"
"3005780007"
"3005780008"
"3005780011"
"3005780029"
"3005780030"
"3005790001"
"3005800001"
"3005800005"
"3005800016"
"3005800024"
"3005800025"
"3005800029"
"3005800036"
"3005800043"
"3005810001"
"3005820001"
"3005830001"
"3005830023"
"3005830028"
"3005830030"
"3005830036"
"3005850001"
"3005850013"
"3005850016"
"3005850018"
"3005850019"
"3005850020"
"3005850022"
"3005850025"
"3005850026"
"3005850028"
"3005850031"
"3005850032"
"3005850033"
"3005850036"
"3005850038"
"3005850039"
"3005850040"
"3005850041"
"3005850042"
"3005850043"
"3005850044"
"3005850045"
"3005850046"
"3005850047"
"3005850048"
"3005850049"
"3005850050"
"3005850051"
"3005850052"
"3005850053"
"3005850112"
"3005860001"
"3005860002"
"3005860003"
"3005860004"
"3005860005"
"3005860006"
"3005860007"
"3005860008"
"3005860009"
"3005860011"
"3005860012"
"3005860013"
"3005860014"
"3005860032"
"3005860015"
"3005860019"
"3005860020"
"3005860021"
"3005860024"
"3005860025"
"3005860026"
"3005860027"
"3005860028"
"3005860030"
"3005860031"
"3005860034"
"3005860035"
"3005860036"
"3005860037"
"3005870010"
"3005860039"
"3005860040"
"3005860134"
"3005870001"
"3005870002"
"3005870003"
"3005870004"
"3005870005"
"3005870006"
"3005870007"
"3005870008"
"3005870011"
"3005870012"
"3005870014"
"3005870015"
"3005870016"
"3005870017"
"3005870018"
"3005870020"
"3005870021"
"3005870022"
"3005870023"
"3005870024"
"3005870025"
"3005870026"
"3005870027"
"3005870028"
"3005870029"
"3005870031"
"3005870032"
"3005870034"
"3005870035"
"3005870036"
"3005870037"
"3005870038"
"3005870040"
"3005870041"
"3005870047"
"3005870048"
"3005870049"
"3005870050"
"3005870051"
"3005870052"
"3005870053"
"3005870110"
"3005870145"
"3005877501"
"3005880001"
"3005880002"
"3005880003"
"3005880005"
"3005880006"
"3005880007"
"3005880008"
"3005880010"
"3005880011"
"3005880012"
"3005880013"
"3005880014"
"3005880015"
"3005880016"
"3005880018"
"3005880020"
"3005880021"
"3005880022"
"3005880024"
"3005880025"
"3005880026"
"3005880027"
"3005880028"
"3005880029"
"3005880030"
"3005880033"
"3005880036"
"3005880037"
"3005880038"
"3005880039"
"3005880040"
"3005880043"
"3005880045"
"3005880103"
"3005887501"
"3005890002"
"3005890003"
"3005890006"
"3005890007"
"3005890008"
"3005890009"
"3005890011"
"3005890012"
"3005890016"
"3005890106"
"3005900001"
"3005900019"
"3005900032"
"3005900045"
"3005910001"
"3005910050"
"3005940001"
"3005950001"
"3005950009"
"3005950050"
"3005950052"
"3005960022"
"3005950070"
"3005950170"
"3005950200"
"3005950250"
"3005950300"
"3005960001"
"3005960006"
"3005960012"
"3005960027"
"3005960044"
"3005960045"
"3005960046"
"3005960047"
"3005960048"
"3005960049"
"3005970001"
"3005970003"
"3005970004"
"3005970005"
"3005970007"
"3005970009"
"3005970015"
"3005970016"
"3005970017"
"3005970018"
"3005970020"
"3005970021"
"3005970022"
"3005970023"
"3005970025"
"3005970026"
"3005970027"
"3005970028"
"3005970029"
"3005980007"
"3005970031"
"3005970032"
"3005980010"
"3005970035"
"3005970038"
"3005970119"
"3005980001"
"3005980002"
"3005980003"
"3005980004"
"3005980005"
"3005980006"
"3005980008"
"3005980009"
"3005980012"
"3005980013"
"3005980014"
"3005980015"
"3005980016"
"3005980017"
"3005980018"
"3005980019"
"3005980021"
"3005980022"
"3005980025"
"3005980026"
"3005980027"
"3005980028"
"3005980030"
"3005980039"
"3005980040"
"3005980043"
"3005980049"
"3005980148"
"3005990001"
"3005990002"
"3005990009"
"3005990010"
"3005990011"
"3005990012"
"3005990013"
"3005990014"
"3005990017"
"3005990018"
"3005990043"
"3005990025"
"3005990028"
"3005990029"
"3005990030"
"3005990031"
"3005990035"
"3005990036"
"3005990037"
"3005990039"
"3005990040"
"3005990041"
"3005990042"
"3005990045"
"3005990046"
"3005990122"
"3006000001"
"3006000003"
"3006000004"
"3006000005"
"3006000011"
"3006000019"
"3006000022"
"3006000101"
"3006000102"
"3006000103"
"3006010001"
"3006010017"
"3006020001"
"3006030001"
"3006030008"
"3006030011"
"3006030013"
"3006030014"
"3006030015"
"3006030016"
"3006030017"
"3006030018"
"3006030020"
"3006030021"
"3006030022"
"3006030023"
"3006030024"
"3006030025"
"3006030026"
"3006030027"
"3006030032"
"3006030033"
"3006030035"
"3006030037"
"3006030038"
"3006030039"
"3006030040"
"3006030041"
"3006037501"
"3006040001"
"3006040002"
"3006040003"
"3006040005"
"3006040008"
"3006040013"
"3006040016"
"3006040046"
"3006050001"
"3006050024"
"3006060001"
"3006060005"
"3006060010"
"3006060050"
"3006070001"
"3006080001"
"3006100001"
"3006100002"
"3006100003"
"3006100005"
"3006100006"
"3006100009"
"3006100013"
"3006100014"
"3006100018"
"3006100023"
"3006100024"
"3006100025"
"3006100026"
"3006100027"
"3006100028"
"3006100029"
"3006100030"
"3006100033"
"3006100037"
"3006100042"
"3006100043"
"3006110001"
"3006110006"
"3006110011"
"3006110025"
"3006110055"
"3006120001"
"3006120099"
"3006120130"
"3006120150"
"3006210001"
"3006210034"
"3006120205"
"3006120250"
"3006140001"
"3006140150"
"3006140300"
"3006170001"
"3006190001"
"3006210050"
"3006210134"
"3006210136"
"3006210139"
"3006230001"
"3006230020"
"3006230062"
"3006230093"
"3006230100"
"3006230118"
"3006240001"
"3006240100"
